Model,Accuracy,F1-Score,ROC AUC,Train Time (s),Test Time (s)
TabPFN,0.7788642346746897,0.8396946564885496,0.8426624335517641,0.8397693634033203,7.812850713729858
